{
  "epoch": [
    0,
    1,
    2,
    3,
    4,
    5,
    6,
    7,
    8,
    9,
    10,
    11,
    12,
    13,
    14,
    15,
    16,
    17,
    18,
    19,
    20,
    21,
    22,
    23,
    24,
    25,
    26,
    27,
    28,
    29,
    30,
    40,
    50,
    60,
    70,
    80,
    90,
    100,
    110,
    120,
    130,
    140,
    667,
    1334,
    2001,
    2668,
    3335,
    4002,
    4669,
    5336,
    6003,
    6670,
    7337,
    8004,
    8671,
    9338,
    10005,
    10672,
    11339,
    12006,
    12673,
    13340,
    14007,
    14674,
    15341,
    16008,
    16675,
    17342,
    18009,
    18676,
    19343,
    20010,
    20677,
    21344,
    22011,
    22678,
    23345,
    24012,
    24679,
    25346,
    26013,
    26680,
    27347,
    28014,
    28681,
    29348,
    30015,
    30682,
    31349,
    32016,
    32683,
    33350,
    34017,
    34684,
    35351,
    36018,
    36685,
    37352,
    38019,
    38686,
    39353,
    40020,
    40687,
    41354,
    42021,
    42688,
    43355,
    44022,
    44689,
    45356,
    46023,
    46690,
    47357,
    48024,
    48691,
    49358,
    50025,
    50692,
    51359,
    52026,
    52693,
    53360,
    54027,
    54694,
    55361,
    56028,
    56695,
    57362,
    58029,
    58696,
    59363,
    60030,
    60697,
    61364,
    62031,
    62698,
    63365,
    64032,
    64699,
    65366,
    66033,
    66700,
    67367,
    68034,
    68701,
    69368,
    70035,
    70702,
    71369,
    72036,
    72703,
    73370,
    74037,
    74704,
    75371,
    76038,
    76705,
    77372,
    78039,
    78706,
    79373,
    80040,
    80707,
    81374,
    82041,
    82708,
    83375,
    84042,
    84709,
    85376,
    86043,
    86710,
    87377,
    88044,
    88711,
    89378,
    90045,
    90712,
    91379,
    92046,
    92713,
    93380,
    94047,
    94714,
    95381,
    96048,
    96715,
    97382,
    98049,
    98716,
    99383
  ],
  "train_loss": [
    2567.3147606167663,
    1775.8331918614401,
    1253.5452687702684,
    934.7354662479263,
    758.0805884372061,
    669.572190392815,
    627.9897286982182,
    604.0641484392638,
    581.8605828200472,
    554.5063685080852,
    519.8824975123607,
    481.75845876945965,
    445.2412918750174,
    410.91172062122786,
    380.35386689197986,
    352.89004921302785,
    328.30710068476753,
    306.0120195595339,
    286.8956092638311,
    270.5269910786255,
    256.24490668649247,
    244.1710285852564,
    234.05765819948448,
    225.42187844478192,
    217.86607783741113,
    210.8905937536934,
    204.20963171533975,
    197.57715355049535,
    191.0651198669645,
    184.75571900788864,
    178.8482463855467,
    134.0393672988277,
    109.51348053813759,
    92.05514152482215,
    79.69842703796355,
    70.0380087883006,
    62.27326149723182,
    55.88477577487775,
    50.540922181793576,
    46.03760364326986,
    42.1772278367651,
    38.79317754878305,
    3.5917708656963927,
    0.6430113620480565,
    0.15390330000390215,
    0.041340858927359767,
    0.011552956315273958,
    0.003328450898069466,
    0.001054350895468179,
    0.0008912475387161396,
    0.025906718352249503,
    0.013975288012210518,
    0.02712680397032695,
    0.044484266804780445,
    0.10701379650704562,
    0.07709285671173004,
    0.050266189085615025,
    0.0167843434569774,
    0.032222453787012634,
    0.04993439778553473,
    0.01800975108629215,
    0.011814777947642057,
    0.01227797143041209,
    0.008385763352872517,
    0.012619772366701787,
    0.008451297976873289,
    0.010888531353676548,
    0.013097374459145276,
    0.011071588699565522,
    0.011137424116332503,
    0.008169315529468318,
    0.008617823787904948,
    0.0017021009544476921,
    0.007654427259316538,
    0.005690118431177544,
    0.005098457468304526,
    0.006214343903900264,
    0.005361778555319974,
    0.0028541661971902697,
    0.004542217423589498,
    0.004871201098720519,
    0.002745303673342372,
    0.0015168860383245266,
    0.0021673105353900487,
    0.0019924019148556326,
    0.0020509629098790652,
    0.0027448193791396046,
    0.0011146045087210069,
    0.0010382427817970323,
    0.0023745180265992006,
    0.0012685617963783865,
    0.0019437413019287014,
    0.0013784873592427769,
    0.0011490554419873228,
    0.0010204429390078247,
    0.0011734143731559218,
    0.0017240335414806626,
    0.0010897010841685267,
    0.0007618194941990058,
    0.00027879807782274046,
    0.0004906290398314216,
    0.00079948863480707,
    0.0009063252655330712,
    0.0007906888621408208,
    0.00047108447832156956,
    0.00022271820299905128,
    0.00031878235001037755,
    0.00030681620667611314,
    0.00029535462090014446,
    0.0002529374916149598,
    0.00023648507968848518,
    0.00037453983094590205,
    0.0001183756125513985,
    0.00013627508788227293,
    0.0002820251518410179,
    0.0003169245214667016,
    0.00041959882910745265,
    0.0008326065936516917,
    0.000368690847601131,
    0.0004178925495052905,
    0.0003748656421830546,
    0.00027177017374243917,
    0.00024284238454960787,
    0.00033523605896983193,
    0.00030819394618483,
    0.00028419502651055476,
    0.000546365366577377,
    0.00011449992771344146,
    0.00019930703804526133,
    0.00018736302503280224,
    0.00016082886648947976,
    0.00027643313255054094,
    0.00037795170302434204,
    0.0004010666149925435,
    0.00044215767703885314,
    0.00030220898340132916,
    0.0001047557481556124,
    0.00022158507393429342,
    0.00016232026470164342,
    0.00014223659925294938,
    0.0002371104225545024,
    0.00034639307494542597,
    0.0001741327565788491,
    6.631061631925994e-05,
    0.0002799128515780058,
    0.00011692925989766856,
    0.00018995526092579516,
    0.0002657540720843195,
    0.00021341642145424186,
    0.00018794806814728294,
    0.00011807838441664479,
    0.00022678536536356668,
    0.00028911078650539475,
    0.0003068470531901959,
    9.815565699375425e-05,
    0.00012198721734843069,
    0.00019198214283804276,
    0.00012544272694393693,
    0.0001749417979196154,
    0.00013450387990484195,
    0.00018653781269033654,
    8.425852341977229e-05,
    0.00018659490988514593,
    0.00016628710369775542,
    0.0005045247778121517,
    0.0005204178614860188,
    0.00013333604210086724,
    6.948199347236657e-05,
    0.00017370513612954881,
    6.389843332717878e-05,
    5.0520375943874505e-05,
    0.0002008411002117236,
    0.0004996998241716997,
    4.611719231060796e-06,
    6.248558942770987e-05,
    2.7876817260761112e-05,
    0.00013927602447016184,
    0.0002042411522734315,
    0.00014777198182810497,
    0.00010451849103260443,
    0.0002744533121035138,
    0.00023517171841139938,
    0.00018119072708926086,
    6.894314895693982e-05,
    1.5575122296791078e-05,
    5.27951300131072e-06,
    2.703517732214003e-05,
    3.067559458224165e-05,
    0.0001848219065952916,
    7.59280307409982e-05,
    1.2314599332275123e-05
  ],